"arrivals","servicetimes","scheduledDeparture"
32.0417249930983,0.463207022341136,32.5049320154394
32.2809179902037,14.0272372768899,46.5321692923293
43.3759872751586,49.1737388231256,95.7059081154549
47.3988647708945,1.91509571171029,97.6210038271652
56.5076272265761,1.09996537910774,98.7209692062729
60.3726762888728,10.6857294881423,109.406698694415
64.0557707642912,1.1946210781026,110.601319772518
79.4449946743104,4.57191486656666,115.173234639084
102.715073142118,9.23855649464228,124.411791133727
133.011910524332,0.637915918114494,133.649826442446
154.858538842544,26.4238459099282,181.282384752472
155.49583363232,5.7298029043565,187.012187656828
166.393243026283,4.55130309797823,191.563490754807
167.220207488868,5.57041933782793,197.133910092635
175.076870097131,9.85245997090003,206.986370063535
175.628475810979,2.69179699938592,209.678167062921
179.094034655597,2.19320490490645,211.871371967827
184.748815385271,8.09437092643627,219.965742894263
204.202977412118,0.0847790338750596,220.050521928138
210.258632989338,0.0117254107239814,220.062247338862
230.525335964575,8.84423392516026,239.369569889736
234.053988814125,7.34738446556428,246.7169543553
241.596027003326,13.8636576583316,260.580612013631
242.790975306197,30.3583418224989,290.93895383613
242.840313707493,2.27878237050027,293.217736206631
250.678218184564,16.0989312502116,309.316667456842
259.206943928319,0.82015015091747,310.13681760776
263.318407765132,9.53166883502552,319.668486442785
266.10776755168,8.39713217288652,328.065618615672
283.788116472407,7.45673716970184,335.522355785374
284.060341967072,15.4836523877948,351.006008173168
284.681519237149,13.1311422226657,364.137150395834
287.893737349461,8.05151833380669,372.188668729641
295.464833440287,22.4450609225193,394.63372965216
296.864891630625,3.7918297611177,398.425559413278
310.37947163971,7.43774145346531,405.863300866743
317.52129385382,18.1870858418315,424.050386708575
325.88566824514,0.926559240557253,424.976945949132
327.888482723733,3.06361499195918,428.040560941091
345.11094921033,3.58299988604995,431.623560827141
350.831451464883,2.94282237365612,434.566383200797
354.386348824005,7.3446254894922,441.911008690289
366.442142842837,9.08091345051618,450.991922140806
437.73752801309,2.49541867058724,453.487340811393
450.781623685337,7.5944788379239,461.081819649317
451.36294479021,13.9262134203394,475.008033069656
456.014602482367,1.63246476324275,476.640497832899
464.276916319132,7.5699730372841,484.210470870183
478.111139116017,0.491396169279825,484.701867039463
482.739528472674,1.08849908644333,485.790366125906
495.029671507607,6.82439268257865,501.854064190185
498.78815627627,3.62663901550695,505.480703205692
501.778659135736,5.00663601298281,510.487339218675
504.072285145223,1.26368655957923,511.751025778254
516.662839622449,4.86484110139706,521.527680723846
526.337594249078,0.524302062578499,526.861896311657
526.958637199157,1.18347216978282,528.14210936894
529.132911160978,15.248703387615,544.381614548593
540.992006611048,8.20956946880021,552.591184017393
549.505452632453,1.9855560342886,554.576740051681
555.243124515316,2.62576311826706,557.868887633583
556.069688040443,10.4568625421787,568.325750175761
582.007018629538,5.39940056454786,587.406419194086
588.567701921875,1.79024111758918,590.357943039464
591.9871666367,5.73700418759533,597.724170824296
613.379289421932,4.19106851611286,617.570357938045
660.777615406572,6.46068615902611,667.238301565598
670.904890601125,3.73963150940835,674.644522110533
676.431181910049,3.11995045933872,679.551132369388
684.976903483384,2.90927563607693,687.886179119461
687.808468299099,4.282026742585,692.168205862046
688.866766807537,1.96218144508635,694.130387307133
691.223139865237,6.8836058254207,701.013993132553
695.598788797652,7.83004719124384,708.844040323797
714.849200672358,8.22064257197478,723.069843244332
741.339449615708,1.30871069431305,742.648160310021
741.670050669075,1.61089722253382,744.259057532555
742.641752629155,26.0160541165818,770.275111649136
743.991449563328,8.37934656366528,778.654458212802
768.801321455444,3.64927021879703,782.303728431599
773.694050682875,1.24349750557465,783.547225937173
777.254664663392,2.65054892329499,786.197774860468
783.45982794946,3.63578803790733,789.833562898376
815.174952122732,0.594818633981049,815.769770756713
815.955943410634,17.9501372809082,833.906080691542
820.393357560907,10.4749279891779,844.38100868072
830.796163021104,36.6025119217091,880.983520602429
840.873526422335,0.857730263844132,881.841250866273
848.006462573629,12.1554899925336,893.996740858807
853.580490665134,16.0879702652365,910.084711124043
870.172932407953,1.13296958245337,911.217680706496
880.435976366227,5.090820306618,916.308501013114
888.893170876654,20.7521539462615,937.060654959376
891.033689671422,3.46046458231285,940.521119541689
900.91707771904,4.44273693906143,944.96385648075
904.541773705549,0.156535358168185,945.120391838918
905.551992284871,10.3275805715374,955.447972410456
921.21143009818,1.42538907177242,956.873361482228
922.715474598359,10.571380402088,967.444741884316
927.00440377767,0.781592802926021,968.226334687242
929.87777703746,0.895954459032543,969.122289146275
935.22231545138,0.128560915589333,969.250850061864
945.399066626855,15.4153985801642,984.666248642028
946.247081866317,5.91119765824944,990.577446300278
950.543991143645,1.83217706298456,992.409623363262
950.99105430098,7.10029499017098,999.509918353433
969.374048497448,5.75813405684959,1005.26805241028
973.53446808339,5.05573572563609,1010.32378813592
979.619566349023,11.7210344530806,1022.044822589
988.311104213109,5.85724986780831,1027.90207245681
995.76034510716,12.2657311906745,1040.16780364748
1002.74444793375,6.31850923847803,1046.48631288596
1005.46834388939,2.73453952651471,1049.22085241248
1025.95134258377,3.59026070808262,1052.81111312056
1043.07435834803,7.4616613765962,1060.27277449715
1043.46235640797,26.1693536866654,1086.44212818382
1092.48407169843,10.303966770338,1102.78803846877
1101.07752155137,0.782782360445708,1103.57082082922
1105.18612406307,0.213337252382189,1105.39946131545
1115.06375166689,4.10802565328777,1119.17177732017
1118.02612691793,5.69927164012502,1124.8710489603
1139.02702325504,2.45770412078127,1141.48472737582
1140.07093520749,5.07239198096492,1146.55711935679
1140.95529041164,7.31399326263649,1153.87111261943
1167.81531727064,2.44820442749187,1170.26352169814
1177.9575603556,12.8195644033779,1190.77712475898
1179.54208054656,0.681390305878696,1191.45851506486
1186.61376197266,3.70069111992215,1195.15920618478
1194.92418281617,7.93800825037458,1203.09721443516
1199.98269929433,5.9613906794081,1209.05860511456
1233.11550407385,11.6550411557485,1244.7705452296
1239.04073349381,7.04613403108367,1251.81667926068
1274.63431266107,11.9743528620978,1286.60866552317
1286.69432569224,3.11609526991927,1289.81042096215
1304.88538557508,0.59236538503319,1305.47775096011
1309.33330844466,5.59669781864884,1314.93000626331
1313.21765018017,5.57646395143517,1320.50647021475
1313.53897752096,9.22881815443619,1329.73528836919
1322.58515285588,4.14294835040346,1333.87823671959
1331.06587301226,2.91682042554021,1336.79505714513
1339.2930938973,5.29774794511893,1344.59084184242
1341.38119937378,8.28418081876286,1352.87502266118
1347.6548055838,0.205761096757347,1353.08078375794
1366.48639081885,11.0901588833577,1377.57654970221
1369.87104001363,5.2629252762387,1382.83947497845
1374.41320667417,0.764979429862328,1383.60445440831
1384.18338842005,1.92109242054942,1386.1044808406
1387.76796737467,10.9972109267195,1398.76517830139
1388.4906042485,3.87009988818318,1402.63527818957
1416.68317378037,4.39481700910255,1421.07799078947
1422.30876719583,5.84176370285847,1428.15053089869
1422.39439975474,3.58218348119408,1431.73271437988
1425.61391565487,5.06508739356347,1436.79780177345
1432.52082374416,6.97101842303225,1443.76882019648
1432.90278005883,1.39847044230411,1445.16729063878
1440.47795633282,1.46401357603962,1446.63130421482
1450.25882846497,3.50489703004588,1453.76372549502
1456.13952365088,0.296338675543666,1456.43586232643
1476.64061969378,4.21320480667055,1480.85382450045
1483.32056113751,8.07184227433452,1491.39240341184
1509.30679469475,0.633157120176277,1509.93995181493
1515.56881264424,0.454566759295303,1516.02337940353
1522.96341899381,0.538691088557243,1523.50211008236
1531.48422380465,0.901818307087428,1532.38604211174
1535.66211775898,3.35246050404385,1539.01457826303
1537.77576667338,6.08742449528924,1545.10200275832
1539.98846064403,3.08995771314949,1548.19196047147
1549.405417927,2.84844935499132,1552.25386728199
1561.57185310478,5.3399838660959,1566.91183697087
1570.25564774694,1.00824457546696,1571.2638923224
1585.69011825807,6.52489186048904,1592.21501011856
1611.66377472586,13.3143778083553,1624.97815253422
1617.66843343514,5.27007664076965,1630.24822917499
1620.16689229388,1.08742471598089,1631.33565389097
1622.7790320069,14.9850607337921,1646.32071462476
1625.93788462788,28.5352100510348,1674.8559246758
1635.27949140453,3.80146943477467,1678.65739411057
1666.07282542501,1.82169139801813,1680.47908550859
1670.882711237,6.99196629848727,1687.47105180708
1674.00678520434,9.16059359413036,1696.63164540121
1674.85187170786,2.61419323133305,1699.24583863254
1683.2780203143,3.19100424041972,1702.43684287296
1705.79901562076,9.34447435819009,1715.14348997895
1727.28062364536,2.04199884459376,1729.32262248996
1729.98701132632,2.73972012661397,1732.72673145293
1735.35275229051,16.90523660281,1752.25798889332
1753.70724000911,6.67886661708751,1760.38610662619
1799.1791513748,13.1495103234132,1812.32866169822
1808.5410313583,1.70364550458088,1814.0323072028
1820.00183795786,0.330012165475637,1820.33185012334
1838.09649995652,35.7875732761525,1873.88407323267
1851.22746579431,5.08314280461916,1878.96721603729
1858.18896663637,20.2014761495581,1899.16869218685
1863.41315421537,8.7999546487669,1907.96864683561
1864.83518804685,1.53015570994467,1909.49880254556
1868.52620645222,0.521416811737427,1910.0202193573
1887.88744861903,2.81011797254905,1912.83033732984
1894.83131643986,1.94402097655401,1914.7743583064
1895.85780079007,10.8755542183002,1925.6499125247
1928.06210130759,6.95886266749173,1935.02096397509
1955.16169732617,3.39667978696525,1958.55837711313
1977.00484721609,0.176582839339972,1977.18143005543
2033.71713471416,21.2415089893499,2054.95864370351
2041.09930636515,6.29051744163432,2061.24916114515
2042.54616856263,14.6140862675875,2075.86324741274
2047.43933011931,7.87641148426035,2083.739658897
2057.51531376017,6.4433367119024,2090.1829956089
2058.37765814716,6.70966400269815,2096.8926596116
2063.77039360581,2.0332992933779,2098.92595890497
2069.3095186376,1.28196087941154,2100.20791978439
2100.52181232924,6.41565109201172,2106.93746342125
2108.17377506052,4.71356873400509,2112.88734379452
2108.40218125459,9.35976154234656,2122.24710533687
2124.35798250603,4.08295470649217,2128.44093721252
2138.13564710741,23.7853344741622,2161.92098158157
2147.44267934382,18.5168702561217,2180.4378518377
2153.31148872998,4.51307683205232,2184.95092866975
2161.1024571768,4.0577717279084,2189.00870039766
2162.01778522683,0.56236510825005,2189.57106550591
2163.66025310466,7.87883806944289,2197.44990357535
2177.01958925877,3.74116298742592,2201.19106656278
2188.04606973566,2.72533896612003,2203.9164055289
2219.81374367344,5.26221382961073,2225.07595750305
2219.95411368291,2.55583110591397,2227.63178860897
2222.76904728933,5.47079268534132,2233.10258129431
2226.12972297937,4.08447806397453,2237.18705935828
2247.03244025924,2.69395610829035,2249.72639636753
2254.71350511672,21.388569025658,2276.10207414238
2273.59949270316,0.187470075208694,2276.28954421759
2301.610936769,0.769193709500384,2302.3801304785
2332.26714583383,8.96407082833746,2341.23121666217
2353.86917893402,3.56145205101013,2357.43063098503
2360.4405500585,9.25971586134681,2369.70026591984
2380.63946228704,3.29557285190658,2383.93503513895
2393.06013747306,2.7289382647723,2395.78907573784
2398.98081441598,6.41347154539643,2405.39428596138
2402.19534859715,11.1344983124812,2416.52878427386
2402.6943029389,8.69402016111114,2425.22280443497
2410.59108602029,6.51142294302979,2431.734227378
2417.688620671,6.10045069609012,2437.83467807409
2419.42643877894,8.21090107288608,2446.04557914697
2424.46968057036,12.3854406619151,2458.43101980889
2433.96400625619,5.08473406423279,2463.51575387312
2437.38536957919,5.3901676630254,2468.90592153615
2453.30193119307,17.6627405630916,2486.56866209924
2461.32203990735,3.07887629140168,2489.64753839064
2467.6991588683,3.52619681367651,2493.17373520432
2472.1456367816,0.632298046708262,2493.80603325103
2480.07121638494,0.71889681139259,2494.52493006242
2483.29946617695,1.27792398072779,2495.80285404315
2485.31536214667,0.439944389276206,2496.24279843242
2507.34899761643,10.0653213387062,2517.41431895513
2518.16555946579,23.9556420582691,2542.12120152406
2533.97277766269,0.364144816443448,2542.48534634051
2551.52077478634,0.650953109779614,2552.17172789612
2555.95690445786,4.00671594031155,2559.96362039817
2568.43615802706,5.44150181448398,2573.87765984154
2569.64193973926,14.2503017029185,2588.12796154446
2598.70029818334,1.44536909714002,2600.14566728048
2605.37956333786,3.82587526272982,2609.20543860059
2609.5650335408,2.07416240815088,2611.63919594895
2610.66891232107,5.72837612530644,2617.36757207426
2628.95020707959,22.5100400883118,2651.4602471679
2642.20695415919,0.766543426550925,2652.22679059445
2651.1481296587,2.0528476225874,2654.27963821704
2677.53050654645,5.28935932897427,2682.81986587542
2694.14614276395,3.15374391013756,2697.29988667409
2745.03644469266,1.11928915092722,2746.15573384358
2755.37372423365,1.695708561223,2757.06943279488
2762.24905648764,3.98908035317436,2766.23813684081
2771.41290342061,0.107341245748103,2771.52024466635
2784.86125808724,4.37259002262726,2789.23384810987
2792.29685734228,13.0328012560072,2805.32965859829
2809.95656632936,0.812044347361688,2810.76861067673
2814.9082273862,6.83738366019377,2821.7456110464
2821.79101778312,9.24590643652179,2831.03692421965
2823.98867577898,2.51514895400032,2833.55207317365
2861.40883613678,1.69957583349119,2863.10841197027
2865.23629241384,1.91140599688515,2867.14769841073
2872.46201571073,6.57141493510851,2879.03343064584
2906.14851888097,11.1921502234121,2917.34066910438
2920.67632326577,3.55820623692125,2924.23452950269
2922.99406193849,4.02214381657541,2928.25667331926
2940.12762200655,13.3083441270176,2953.43596613357
2963.39811208299,0.642757885794281,2964.04086996879
2978.99906006199,0.106512255162436,2979.10557231715
2985.67794607975,26.7346073616494,3012.4125534414
3007.09400176899,0.451037503313273,3012.86359094472
3013.59288337072,23.8069924402395,3037.39987581096
3032.25595359038,15.4178017275899,3052.81767753855
3048.93942171661,0.0993214057004011,3052.91699894425
3059.97515628932,4.23980779619887,3064.21496408552
3072.37150332735,5.90265428516783,3078.27415761251
3089.72941198146,2.27284806912311,3092.00226005059
3096.90642009105,40.1090011722166,3137.01542126326
3098.69659264188,2.68398455483839,3139.6994058181
3101.66217282654,4.20979893114418,3143.90920474925
3106.08783285839,1.04818047769368,3144.95738522694
3133.95834000847,12.6782374897678,3157.63562271671
3138.38170866548,7.33144210249582,3164.9670648192
3149.5572574346,7.47176141914376,3172.43882623835
3178.79723518012,2.87979573383927,3181.67703091396
3182.36774333158,25.121652072927,3207.48939540451
3195.44094630812,1.08027759776076,3208.56967300227
3225.53899512132,0.23004169512875,3225.76903681645
3231.22755790101,9.22315353498259,3240.45071143599
3245.88232768587,0.843850346282125,3246.72617803215
3246.28915541693,12.3512854477097,3259.07746347986
3250.71623985543,4.26421567657962,3263.34167915644
3259.85949018815,2.55524068605155,3265.89691984249
3261.06031156456,2.60863740027443,3268.50555724276
3262.27991151104,7.39589267380932,3275.90144991657
3286.17064521002,0.987031529191881,3287.15767673922
3287.94526256441,4.91431121312478,3292.85957377753
3292.47937689355,28.3448149640311,3321.20438874157
3296.28268995608,7.13378138269299,3328.33817012426
3303.13808345056,1.57464354961898,3329.91281367388
3318.14777913239,2.15894788270816,3332.07176155659
3325.62182055985,3.77321515418589,3335.84497671077
3354.33340460648,0.152924644747233,3354.48632925123
3354.69345399594,0.759352332912385,3355.45280632885
3367.46801768803,11.3488433150281,3378.81686100306
3376.11827633284,4.87232933840696,3383.68919034146
3380.91286928696,33.2341496114915,3416.92333995296
3422.20383918938,0.179122628178447,3422.38296181755
3464.71283490611,1.1635721498169,3465.87640705593
3469.93940953472,8.78059770696261,3478.72000724168
3470.71220396322,2.3856006068986,3481.10560784858
3472.08539195594,20.5442941073199,3501.6499019559
3480.10412013351,12.7080345930238,3514.35793654893
3490.53547385216,7.08056344528147,3521.43849999421
3498.38542817721,23.5245498630563,3544.96304985726
3506.51804467327,5.23109134816029,3550.19414120542
3508.27585166915,0.657461826374049,3550.8516030318
3518.75171785796,1.28625933453441,3552.13786236633
3522.71867275325,11.6204331985769,3563.75829556491
3524.01421932125,2.84493772732094,3566.60323329223
3538.15321360711,3.73615909507498,3570.33939238731
3551.68991212687,4.34697668580338,3574.68636907311
3558.1596255391,8.5467447635571,3583.23311383667
3563.65730237636,2.13834132698775,3585.37145516365
3564.40410487875,0.466934068594128,3585.83838923225
3578.71982280602,12.3252540680993,3598.16364330035
3582.59538826504,2.40965017769486,3600.57329347804
3586.90417112754,0.71873511159281,3601.29202858963
3593.04111389414,6.23858364362666,3607.53061223326
3626.02426631645,1.2991080977954,3627.32337441424
3648.33670310819,0.113876906914593,3648.4505800151
3650.06228571577,1.87074427958578,3651.93302999536
3670.14399060715,2.74449659464881,3672.8884872018
3682.99143253519,4.5131525369361,3687.50458507213
3693.35382059799,4.13335962034762,3697.48718021834
3731.14896914363,2.96247486770153,3734.11144401133
3732.91106260754,7.4288674235669,3741.5403114349
3750.33620450003,1.16254098447304,3751.4987454845
3756.02006670376,3.63527382491156,3759.65534052867
3774.62622499298,5.93568596866378,3780.56191096164
3775.56219723856,5.84906887699314,3786.41097983864
3776.88256620793,0.404588086530566,3786.81556792517
3782.04347759383,4.63486013468355,3791.45042805985
3786.40261575478,6.42734975225381,3797.8777778121
3790.74407152264,6.06151490442851,3803.93929271653
3795.37895356669,2.93022491643205,3806.86951763297
3801.77516213051,0.566975004774848,3807.43649263774
3809.11626736024,6.39774993963935,3815.51401729988
3814.23833624316,11.5049379778733,3827.01895527775
3815.29342318741,3.25178912095726,3830.27074439871
3821.62003469975,10.5703070679386,3840.84105146665
3832.91848153156,37.2780990263352,3878.11915049298
3836.65858553071,2.47049412271008,3880.58964461569
3871.2701827392,20.4267941397907,3901.01643875548
3882.28649473943,0.0680971873543905,3901.08453594284
3886.34034565844,10.0242548472823,3911.10879079012
3914.74821447421,1.65679750781198,3916.40501198202
3918.43665022211,18.3600994917124,3936.79674971383
3921.20502880117,1.9370023868978,3938.73375210072
3927.19858953072,1.23706122881856,3939.97081332954
3933.64224851871,1.95683689368889,3941.92765022323
3935.26658008405,10.883211204194,3952.81086142743
3946.70365023915,5.44101531587937,3958.25187674331
3948.4921533151,4.23493009060621,3962.48680683391
3955.5859756349,4.58446471532807,3967.07127154924
3963.52576966959,3.74526458838955,3970.81653613763
3971.61657494467,2.29100689198822,3973.90758183666
3973.95719527241,1.26009818445891,3975.21729345687
3978.29159598988,22.5942907139594,4000.88588670384
3984.86934815724,8.30614752386161,4009.1920342277
3985.64680376746,9.87033353873389,4019.06236776643
3997.62426582779,3.30231113171905,4022.36467889815
4015.23451709718,3.13404667936265,4025.49872557751
4018.62650122558,0.898529484426905,4026.39725506194
4026.36809965695,1.18735646366256,4027.5846115256
4027.85132370057,4.56094249896705,4032.41226619954
4036.31628487944,5.42889015440294,4041.74517503384
4044.73674100535,2.38076485370583,4047.11750585906
4046.06365877381,4.9299239963918,4052.04742985545
4053.5552146765,11.2221765307416,4064.77739120724
4054.07995843929,0.452434755314866,4065.22982596255
4074.91750562368,1.29780723723885,4076.21531286092
4092.81984472368,5.15973949029366,4097.97958421397
4093.53802016509,4.99480880119641,4102.97439301517
4112.38204962063,25.4633162836667,4137.8453659043
4118.56840461913,9.28175308525958,4147.12711898956
4175.02999857152,2.47099882736802,4177.50099739889
4183.74583181036,0.091909657829524,4183.83774146819
4194.7407931462,4.77023620437831,4199.51102935057
4201.07614805922,7.24914810683974,4208.32529616606
4202.16384113767,8.62097722076276,4216.94627338683
4216.25343832104,6.09482844982692,4223.04110183665
4222.77893606024,8.57047601014772,4231.6115778468
4231.4810910203,2.44316368408277,4234.05474153088
4234.89598956765,4.13891972601414,4239.03490929366
4234.96291741137,11.4966429614102,4250.53155225507
4250.0087836876,1.87781920982525,4252.4093714649
4253.66234158887,3.80852402606979,4257.47086561494
4266.15043862471,15.2213294925659,4281.37176811728
4277.62068965179,6.24920575756976,4287.62097387485
4285.10224345736,7.65455718309083,4295.27553105794
4286.11095040623,11.3973258634736,4306.67285692141
4290.30774985608,25.1388273466576,4331.81168426807
4311.24538798757,11.0421780435075,4342.85386231158
4314.71588916552,1.25184542564017,4344.10570773722
4321.19579592195,0.95906133716926,4345.06476907439
4350.1371375937,0.65912162762552,4350.79625922132
4367.96048738909,1.68430390280674,4369.6447912919
4379.30904139638,10.2034137631186,4389.5124551595
4395.2706677725,9.92321830742853,4405.19388607993
4396.9427122057,19.598565083405,4424.79245116333
4448.49857807541,2.71199260093272,4451.21057067634
4450.66742409868,13.7827716186092,4464.99334229495
4452.43838085243,0.66788934962824,4465.66123164458
4458.59891808508,4.34919872274622,4470.01043036733
4458.64533432049,6.89675088569918,4476.90718125303
4461.08772943483,0.384363535791636,4477.29154478882
4466.78086659178,4.52130795270205,4481.81285274152
4472.30471331625,16.3648577826589,4498.17771052418
4478.48039440344,15.5372061366707,4513.71491666085
4501.1288003378,0.5903968392164,4514.30531350007
4555.58445899792,2.52558337524533,4558.11004237317
4556.90663421448,2.28242547530681,4560.39246784847
4569.74351141481,6.34262422668222,4576.08613564149
4571.43676524395,2.99436128232628,4579.08049692382
4580.05515589866,6.76622421823838,4586.82138011689
4615.2989525828,13.5257574351211,4628.82471001792
4626.930085403,1.9195225937292,4630.74423261165
4629.46347799719,1.04020886862797,4631.78444148027
4641.90924406577,5.54570557706454,4647.45494964283
4644.02422567889,6.93191099990805,4654.38686064274
4647.99406495936,1.09908174583688,4655.48594238858
4649.52524088848,4.59744347911328,4660.08338586769
4660.27594934701,6.25919585552462,4666.53514520253
4661.39168409816,4.02836990030482,4670.56351510284
4673.18846158826,3.09742319909856,4676.28588478736
4674.30097365173,12.0184771561702,4688.30436194353
4685.35878698133,1.5990901356563,4689.90345207919
4688.75894297637,4.90039036766091,4694.80384244685
4689.62975009136,3.57102901767939,4698.37487146453
4696.64696978803,6.93554864608147,4705.31042011061
4712.6029378277,1.26910685701296,4713.87204468472
4760.45272250489,1.14766500393722,4761.60038750883
4770.65397640478,1.39909141231328,4772.05306781709
4779.95619156143,14.5277746034493,4794.48396616488
4786.41148395116,1.50680051697418,4795.99076668186
4791.80115340954,0.781486188527197,4796.77225287038
4792.86923444575,4.28247058019042,4801.05472345057
4797.11098751154,17.1600365611285,4818.2147600117
4797.67671663415,16.6030878471702,4834.81784785887
4799.42205850877,1.31999499211088,4836.13784285098
4800.68273133975,2.43567564571276,4838.5735184967
4815.17556979614,0.903547416906804,4839.4770659136
4821.80660048327,16.3672149929142,4855.84428090652
4842.78739683031,20.1493235215784,4875.9936044281
4846.6242835082,13.7339611662258,4889.72756559432
4847.64685730151,1.94622830720618,4891.67379390153
4850.62197872604,24.0381677809516,4915.71196168248
4856.20595619713,6.55639544472494,4922.26835712721
4861.40396732536,1.8281850409694,4924.09654216817
4863.10513016933,6.23331234794472,4930.32985451612
4871.92321210291,5.12930346230576,4935.45915797843
4877.44373569854,6.46545457018577,4941.92461254861
4894.22850414297,3.05373939825222,4944.97835194686
4896.11391817443,0.922291607130319,4945.90064355399
4910.50636883033,7.91518080763915,4953.81582436163
4911.31717261845,0.279957723470955,4954.0957820851
4925.80588224247,0.565640628803521,4954.66142271391
4955.33332571661,16.2968826005727,4971.63020831718
4988.95262904571,6.43681195814558,4995.38944100386
4992.29144375877,3.75632214913149,4999.14576315299
5009.87263670213,8.35047615824782,5018.22311286038
5014.02583755306,4.11021100636572,5022.33332386674
5021.21620094115,0.927866309415549,5023.26119017616
5033.71910532606,2.52295977808535,5036.24206510414
5039.66607383587,8.96633788075694,5048.63241171663
5080.74002695195,12.4398117171307,5093.17983866908
5083.97504143342,13.5609263157179,5106.7407649848
5102.84342089509,9.90896112040477,5116.6497261052
5107.19651906126,9.45472851273068,5126.10445461793
5113.24933236772,12.4316487846603,5138.53610340259
5134.26298729796,1.67689178558066,5140.21299518817
5139.31307564676,30.7333299611746,5170.94632514935
5141.09059044812,7.06541400000849,5178.01173914936
5147.19652188663,2.86439906431356,5180.87613821367
5158.89812977939,4.65386801259592,5185.53000622627
5167.56039504806,22.7943174976269,5208.32432372389
5169.65578041883,5.91766907990375,5214.2419928038
5178.47579421812,22.5327256459156,5236.77471844971
5192.18565403778,4.01597064640373,5240.79068909612
5202.90946095685,13.4828415898313,5254.27353068595
5204.95073281663,9.19664166838327,5263.47017235433
5209.05002782382,1.35249785787356,5264.8226702122
5212.25162118934,26.2239218581666,5291.04659207037
5222.84977749604,0.370374938938767,5291.41696700931
5226.95451236478,1.91624283324927,5293.33320984256
5246.93812917051,4.86431727515756,5298.19752711772
5255.72716211962,4.17522446345538,5302.37275158117
5264.98137069886,5.98479922924587,5308.35755081042
5268.98261328713,7.45282676879713,5315.81037757922
5276.34366461519,5.0625821209366,5320.87295970015
5280.85776382103,14.8390301103264,5335.71198981048
5282.79203644,0.196023940038444,5335.90801375052
5295.35623279384,17.0922329137593,5353.00024666428
5316.19481327801,7.69047065908041,5360.69071732336
5326.22689015048,0.495657733641565,5361.186375057
5334.15916560923,0.118463354185224,5361.30483841118
5346.77286219515,0.45241125440225,5361.75724966559
5353.8269041727,13.5870861596831,5375.34433582527
5354.30436328674,7.22827750415006,5382.57261332942
5361.20278137426,7.3612013744975,5389.93381470392
5362.85373002305,6.28197697901154,5396.21579168293
5363.25403395589,11.2857609403958,5407.50155262332
5377.90714865313,12.0209711765577,5419.52252379988
5395.6220162814,5.88659692398562,5425.40912072387
5403.0991545842,0.433439916931093,5425.8425606408
5408.80286409156,4.80943567818031,5430.65199631898
5412.27067580764,4.66871463833377,5435.32071095731
5423.7751931259,3.70419923774898,5439.02491019506
5432.64540444686,1.60881551232985,5440.63372570739
5442.44938548239,17.211661652711,5459.6610471351
5442.63792827775,26.8879719748004,5486.5490191099
5448.99184228902,7.41232926834771,5493.96134837825
5451.21295225856,2.48097389191389,5496.44232227016
5464.10164194189,12.6917872981806,5509.13410956834
5471.38482367586,10.5334320715139,5519.66754163985
5473.39630607481,0.576378511730582,5520.24392015158
5501.91790411096,10.363857499667,5530.60777765125
5502.76813764903,4.86933685996034,5535.47711451121
5524.25350489747,18.6825103881329,5554.15962489934
5530.43107438088,5.35986902255961,5559.5194939219
5533.30309750267,0.375034539646634,5559.89452846155
5538.65502693911,0.989680144004524,5560.88420860555
5541.29093612765,0.277665933128446,5561.16187453868
5552.91698672987,6.72553970635333,5567.88741424504
5553.81624383072,3.19913059007376,5571.08654483511
5563.06217201164,4.22724496433511,5575.31378979945
5567.15900957694,7.31172201846191,5582.62551181791
5576.34974934228,7.38106302278226,5590.00657484069
5580.91202521298,14.303611376666,5604.31018621736
5581.93081408293,3.61917586345226,5607.92936208081
5582.42557936367,7.36826736357459,5615.29762944438
5591.01099080384,3.89744272222742,5619.19507216661
5594.7080223586,0.249001691117883,5619.44407385773
5602.32270052081,1.57426550192758,5621.01833935966
5605.62351793872,0.724774604480685,5621.74311396414
5605.84969068302,4.5345816151239,5626.27769557926
5608.59951749799,10.7614695115479,5637.03916509081
5618.36394773178,5.34700248694176,5642.38616757775
5626.19530177015,27.8634589243878,5670.24962650214
5630.10712284818,10.0343384997626,5680.2839650019
5649.56304354441,0.299275728408247,5680.58324073031
5664.81828374222,14.2716085085352,5694.85484923884
5667.95464509532,5.18211750843027,5700.03696674727
5675.30007587343,5.29199668828794,5705.32896343556
5684.0624793947,10.3225158465733,5715.65147928214
5697.1939168263,3.55103300604969,5719.20251228819
5705.47899218462,0.865011326503009,5720.06752361469
5705.84996502904,0.722585054114461,5720.7901086688
5710.15055098628,1.31788842426613,5722.10799709307
5711.86926113652,1.24420455936342,5723.35220165243
5714.44711366879,5.48502219811478,5728.83722385055
5718.66629117379,0.16923833177197,5729.00646218232
5732.3561991023,14.3807973967572,5746.73699649905
5745.31913426831,6.25566555343964,5752.99266205249
5746.73744773613,3.63755286298692,5756.63021491548
5765.76543686676,2.93491662759334,5768.70035349436
5773.30045718024,2.29001519240623,5775.59047237264
5785.48638822874,9.64398216240504,5795.13037039114
5803.6580211442,15.0044990610767,5818.66252020528
5811.24583411511,13.1720208389391,5831.83454104422
5818.55733805956,6.69191251039823,5838.52645355462
5822.69629611788,4.77594535332173,5843.30239890794
5836.49899075852,0.843984473496675,5844.14638338144
5857.51458645785,7.03107234154293,5864.54565879939
5857.87515580364,4.49246312398463,5869.03812192338
5870.16458782966,17.165811632809,5887.33039946247
5880.72556323353,2.70919725392014,5890.03959671639
5885.23543976292,13.5708247137894,5903.61042143018
5888.78298474986,5.14863822712745,5908.75905965731
5891.45935748059,1.08149932976812,5909.84055898708
5893.2016029843,3.0686833076179,5912.90924229469
5893.48421712685,31.6261722837626,5944.53541457846
5933.86495078983,3.53736114734784,5948.0727757258
5944.12160058274,0.147447795087648,5948.22022352089
5953.61374785808,3.9406461971812,5957.55439405526
6017.37274640633,2.33220542129129,6019.70495182762
6023.62383024229,6.16167827107408,6029.78550851336
6050.31864579102,13.9352395808031,6064.25388537183
6054.05113506863,5.63168055105828,6069.88556592289
6062.75695479235,18.4978558989733,6088.38342182186
6064.65605543138,1.72984411008656,6090.11326593195
6073.80968998699,0.664366371929646,6090.77763230388
6081.47036606911,9.00308342434862,6099.78071572822
6084.65578563045,10.0848225777675,6109.86553830599
6099.82913160146,11.8597085805316,6121.72524688652
6101.02291693826,1.46263497881591,6123.18788186534
6104.82852862598,3.19365547923371,6126.38153734457
6106.56855052252,2.04808071000454,6128.42961805458
6116.41459790863,2.25020727628965,6130.67982533087
6125.46551603959,2.80584036214289,6133.48566569301
6126.10541784725,8.37775897857198,6141.86342467158
6127.2519588613,15.1856698269898,6157.04909449857
6137.30232829653,1.46538358969518,6158.51447808827
6155.03107179297,3.42992222325765,6161.94440031152
6176.5258027639,4.77007544599473,6181.2958782099
6178.15276555857,0.977928976596087,6182.27380718649
6182.07341191499,16.6603572979233,6198.93416448441
6244.39751130332,8.0813050229887,6252.47881632631
6265.98962246118,7.54209404968121,6273.53171651086
6283.00738661144,12.2558976907898,6295.26328430222
6285.21628920514,16.6509808424122,6311.91426514464
6291.33135698795,7.32498583354452,6319.23925097818
6320.20262551336,10.6856358391567,6330.88826135252
6360.41465821308,4.28021944779903,6364.69487766088
6361.64641789671,4.85714293853986,6369.55202059942
6369.9725344172,3.88110194448382,6373.85363636169
6370.7484643115,0.710295894183218,6374.56393225587
6382.15366788635,8.16911908954778,6390.32278697589
6398.17594465415,3.25368450395763,6401.4296291581
6401.01099507498,3.07030138745904,6404.49993054556
6403.16064547434,6.72258568641891,6411.22251623198
6403.96140083865,3.77521240711212,6414.99772863909
6405.02054875015,3.68514015106484,6418.68286879016
6443.09584195745,4.37196407280862,6447.46780603026
6453.27631880507,5.43351437494555,6458.70983318002
6471.85405914565,32.5096001719176,6504.36365931757
6477.14590467872,0.741275659296662,6505.10493497687
6478.2195055055,0.576383274048567,6505.68131825092
6486.40736835859,0.622663408517838,6506.30398165943
6486.64721263888,7.73352959722676,6514.03751125666
6503.55232682311,12.9772715786179,6527.01478283528
6510.70492293875,7.08432118472108,6534.09910402
6527.16988973425,4.61646599601954,6538.71557001602
6528.88042631665,4.25315371807665,6542.9687237341
6529.12432476053,11.5409313181871,6554.50965505228
6530.00885638048,8.43381979938992,6562.94347485167
6539.27250134357,0.492879046592861,6563.43635389827
6540.9100060637,1.63788781119069,6565.07424170946
6547.45861332462,0.329087015380668,6565.40332872484
6554.90713868683,1.6421312868299,6567.04546001167
6578.37056916545,5.11574690480181,6583.48631607026
6589.08750122709,0.117030514493301,6589.20453174159
6589.23528252466,12.8679214300294,6602.10320395469
6602.57150091485,3.49988607596606,6606.07138699082
6605.33524458085,11.1146031016191,6617.18599009244
6607.93800669511,14.3941522923936,6631.58014238483
6610.19370375598,0.265151021070778,6631.8452934059
6617.68127001132,9.79689787828224,6641.64219128418
6620.81959830693,5.26052321076704,6646.90271449495
6624.83523080221,6.74274309635955,6653.64545759131
6629.68189749497,7.29154378705123,6660.93700137836
6647.96195635118,3.64986102329567,6664.58686240166
6660.38307145673,10.6577606977602,6675.24462309942
6673.14851201533,10.2348896427704,6685.47951274219
6677.56117097495,7.55022926266389,6693.02974200485
6699.81877126998,5.5175998235906,6705.33637109357
6728.17607441939,1.31092147905344,6729.48699589844
6733.5065728335,19.3002010109394,6752.80677384444
6744.26262125353,1.36222285684198,6754.16899670128
6755.74487834175,4.81748586660251,6760.56236420836
6757.91675239189,10.5221178078731,6771.08448201623
6771.34850316027,22.7478505212227,6794.09635368149
6771.79428399352,3.65842048992827,6797.75477417142
6784.15640834488,3.74547029705718,6801.50024446848
6810.63787547515,2.75169341871515,6813.38956889386
6820.18654126275,4.02759332302958,6824.21413458578
6826.26462348762,1.85595051851124,6828.12057400613
6832.94698093111,13.8913812203039,6846.83836215142
6835.45821508883,16.8768765265613,6863.71523867798
6836.2119706463,1.04621455958113,6864.76145323756
6844.48386163321,1.49805575188356,6866.25950898944
6846.74220712876,2.10187749739103,6868.36138648683
6861.88516227034,0.225284417768522,6868.5866709046
6889.61294104614,5.48991036385694,6895.10285141
6899.32052036043,25.7944879014243,6925.11500826185
6899.33846570962,1.40467493515462,6926.51968319701
6899.5788350137,7.96452116005519,6934.48420435706
6901.20584359839,25.8513504345168,6960.33555479158
6907.44167567677,0.759229848837507,6961.09478464041
6913.6553942643,0.552007052994405,6961.64679169341
6916.94144662916,3.69959213351831,6965.34638382693
6925.96683708424,9.20916164916405,6974.55554547609
6931.17365512004,3.78424147842452,6978.33978695452
6941.35202146963,7.02265100524225,6985.36243795976
6951.23391214989,10.5054300589194,6995.86786801868
6966.34193085281,3.65838918741792,6999.5262572061
7002.61024160247,1.8309222003445,7004.44116380282
7017.24895160498,22.782971523056,7040.03192312804
7022.9791378448,4.70266880188137,7044.73459192992
7026.27808870057,12.2693651033272,7057.00395703324
7049.65637932646,4.48352238209918,7061.48747941534
7064.26932775446,2.51024606777355,7066.77957382223
7066.84480234545,4.75242299679667,7071.59722534225
7067.98824329122,10.0586874411275,7081.65591278338
7078.52412221173,3.84104451350868,7085.49695729689
7090.42373197262,3.61304550733364,7094.03677747995
7098.5495554019,2.61700079543516,7101.16655619733
7099.86381511355,26.8188630698641,7127.9854192672
7111.16913220954,1.15283448528498,7129.13825375248
7118.67268838822,8.31365450027382,7137.45190825275
7119.3688610274,15.9749603877335,7153.42686864049
7120.4929829327,4.0187085326761,7157.44557717316
7136.35316104857,3.96926276059821,7161.41483993376
7141.53461424863,2.55639758054167,7163.9712375143
7142.8876808588,0.0771745261960524,7164.0484120405
7168.10601309976,16.4435955817371,7184.5496086815
7203.38588169669,3.24629496736452,7206.63217666405
7221.24091250619,6.21278791100183,7227.45370041719
7237.59409473922,8.30166618997528,7245.89576092919
7240.03733162149,27.7883188951959,7273.68407982439
7241.04181566449,3.18790127895772,7276.87198110335
7246.79509562148,1.14919023308903,7278.02117133644
7256.27923191841,3.24471244183017,7281.26588377827
7261.00899473614,14.2335720931818,7295.49945587145
7268.79424216724,3.64713996648788,7299.14659583794
7282.86139535201,0.287869886102096,7299.43446572404
7290.49816887267,8.99511825357028,7308.42958397761
7302.14406712311,2.4893720978871,7310.9189560755
7329.00305304881,13.4814374198844,7342.48449046869
7329.30697287172,17.2215252118676,7359.70601568056
7333.9804856453,2.45184860874096,7362.1578642893
7341.36646017129,12.1110708118239,7374.26893510112
7341.90276378928,7.05794217408099,7381.32687727521
7348.22295230044,3.77659880921475,7385.10347608442
7388.31283034709,0.22990231935694,7388.54273266645
7396.06165332337,3.25641261786222,7399.31806594123
7400.02277817194,0.691380775533617,7400.71415894748
7413.83125790901,1.47976732208165,7415.3110252311
7416.29285935353,3.9388910792768,7420.23175043281
7430.04788322373,4.75182460062206,7434.79970782435
7436.36931172105,12.5471191883523,7448.9164309094
7446.83411126106,0.338126645921656,7449.25455755533
7446.89615877426,0.989664178341627,7450.24422173367
7464.97710257765,9.10439811151871,7474.08150068917
7475.95885152883,1.85932099120691,7477.81817252004
7478.67106110278,9.14027309947112,7487.81133420225
7480.56940815832,11.7662951493342,7499.57762935158
7496.603558933,3.79709093924612,7503.37472029083
7502.58940410671,0.864569653291255,7504.23928994412
7520.56854403364,9.95023154408531,7530.51877557773
7526.05891638222,1.1093711135909,7531.62814669132
7527.79732900924,2.39126042975113,7534.01940712107
7541.21468099044,9.43012670398154,7550.64480769442
7541.92725026724,4.48293714830652,7555.12774484273
7567.86449264353,6.89751732878783,7574.76200997232
7604.24796253714,6.71005281037274,7610.95801534751
7615.65507331896,11.7933979778401,7627.4484712968
7641.79690804239,5.49714280914911,7647.29405085154
7641.98458954598,5.74972586043994,7653.04377671198
7653.39915692142,26.338301457857,7679.73745837928
7656.1100479926,19.9711633461872,7699.70862172547
7671.43474892243,0.951673106747282,7700.66029483222
7672.58716986975,10.387036512949,7711.04733134516
7673.27099032695,9.05110873811343,7720.09844008328
7689.33583016746,8.05669379391172,7728.15513387719
7732.518314665,25.556644978541,7758.07495964354
7757.34706103143,13.0109315340379,7771.08589117758
7762.21463375997,7.99452226840585,7779.08041344598
7763.88304297569,1.69638626743108,7780.77679971341
7772.05011968743,15.9720194982856,7796.7488192117
7781.14900794507,3.98455296317115,7800.73337217487
7786.20367951755,3.2790630236268,7804.0124351985
7792.20163236901,6.41608673732155,7810.42852193582
7811.35833207032,6.46986418986979,7817.82819626019
7812.69515010593,3.22948909271508,7821.0576853529
7839.09916826463,3.09548208350316,7842.19465034813
7862.35891266539,0.317168818865426,7862.67608148425
7883.64773123204,12.0100656704684,7895.65779690251
7892.05974438443,21.9802119049588,7917.63800880747
7898.97936572071,4.35342557821423,7921.99143438568
7899.42723358561,19.537863169487,7941.52929755517
7900.51742730189,2.46715993294492,7943.99645748812
7938.94678610625,1.25199383404106,7945.24845132216
7941.71908322934,9.42759901814559,7954.6760503403
7948.01564339295,0.268276634319229,7954.94432697462
7971.70452227518,4.34502222528681,7976.04954450046
7972.62633044168,8.57121853407868,7984.62076303454
7972.92119837727,7.26448245782801,7991.88524549237
7997.77597797338,11.3975538158496,8009.17353178923
7998.17499411993,12.4872485113968,8021.66078030063
8029.91858524803,4.352244829759,8034.27083007779
8035.45146576662,1.5434773475863,8036.9949431142
8041.64949898675,1.15630700392649,8042.80580599068
8042.50815799527,10.5422672227252,8053.3480732134
8065.79541742743,5.60790487156634,8071.40332229899
8077.89133642699,7.55069914430776,8085.4420355713
8079.05298765143,7.27748917945125,8092.71952475075
8083.01463226648,0.684314486933227,8093.40383923768
8102.72227558084,2.27561706536543,8104.9978926462
8109.03837994449,4.49322683550417,8113.53160677999
8110.14749821052,1.47950430388844,8115.01111108388
8119.94752096678,3.01828790456057,8122.96580887134
8138.00326759577,2.47219636617228,8140.47546396194
8153.59503172836,4.23252382595092,8157.82755555431
8172.38605365571,3.39481303980574,8175.78086669551
8177.99680036906,4.93475071310364,8182.93155108216
8183.30529652018,4.56369421258569,8187.86899073277
8185.03538900522,4.42604796448722,8192.29503869725
8192.81258585058,21.1518412891189,8213.96442713969
8202.88456990468,0.844360621646047,8214.80878776134
8215.09188453709,10.4160300654997,8225.50791460259
8259.82252619658,8.80414908070513,8268.62667527728
8298.28552914071,0.680956814438105,8298.96648595514
8305.28252375489,1.5260260142386,8306.80854976913
8312.89455695212,13.1199363482823,8326.01449330041
8327.01020438275,20.2989586803475,8347.30916306309
8330.85649565844,12.1939041701783,8359.50306723327
8345.37531322766,26.4680848908468,8385.97115212412
8356.55524973682,13.2052795899739,8399.17643171409
8358.19796449776,2.28053148742765,8401.45696320152
8376.99125177414,6.4253968807722,8407.88236008229
8379.05624179823,2.54263665899634,8410.42499674129
8380.1711821902,3.63560800207779,8414.06060474337
8383.56669969591,32.1635692213713,8446.22417396474
8384.73806849881,16.4928022372096,8462.71697620195
8387.61736234384,2.85490267723799,8465.57187887919
8403.84399301547,3.97174157543808,8469.54362045462
8422.36733931207,30.6765314732729,8500.2201519279
8426.94922015627,6.64465731911757,8506.86480924701
8439.07165661968,0.288579510059208,8507.15338875707
8454.71994710512,4.50113222142681,8511.6545209785
8468.65342832444,2.34513786731436,8513.99965884581
8473.04469709326,8.81700181093463,8522.81666065675
8474.72728708335,22.7921717229644,8545.60883237971
8477.68875462976,4.72128170402721,8550.33011408374
8479.23264016905,4.75451983790845,8555.08463392165
8496.76138055934,23.2841524320999,8578.36878635375
8500.35975767723,0.702394517341809,8579.07118087109
8504.91012985488,0.297146965749562,8579.36832783684
8506.96500959942,3.40584866376594,8582.7741765006
8511.55612584805,0.191014696843922,8582.96519119745
8511.63050390851,0.580061348615108,8583.54525254606
8519.07687457307,12.2767922332217,8595.82204477929
8526.46654796774,24.4939753044595,8620.31602008375
8533.12642778257,9.05219110444584,8629.36821118819
8538.93534778184,1.99283550430112,8631.36104669249
8556.80608639908,0.260783653014861,8631.62183034551
8556.92628522818,0.599981133789022,8632.2218114793
8582.50327586484,3.18389821657911,8635.40570969588
8586.77069123657,13.6091678211172,8649.01487751699
8596.31317639504,0.743361591749929,8649.75823910875
8611.02660817722,21.0046185317828,8670.76285764053
8617.74629026813,0.141268174046876,8670.90412581458
8619.32803158345,1.00558638215665,8671.90971219673
8653.92278057051,27.2666950155248,8699.17640721226
8668.06673100942,0.0967546682804823,8699.27316188054
8669.70960764007,4.96301704688566,8704.23617892742
8701.63946834949,1.26730807702185,8705.50348700445
8718.93491740811,17.8971203016609,8736.83203770977
8732.7462254787,16.4698888596104,8753.30192656938
8741.78085784816,1.86176986899227,8755.16369643837
8742.45658340321,0.0398242175579071,8755.20352065593
8747.72405101375,8.46795273077139,8763.6714733867
8764.87437387899,4.3329226388596,8769.20729651785
8777.4507814918,10.725580041312,8788.17636153311
8777.86524656244,2.7578445407562,8790.93420607387
8785.25681554518,7.30056321964064,8798.23476929351
8797.15907354044,14.0360468024095,8812.27081609592
8820.21586617465,2.22240151496141,8822.43826768961
8832.20650680331,11.0759687761306,8843.28247557944
8849.84252765658,2.66195738026934,8852.50448503685
8884.82538407657,3.48116865055636,8888.30655272712
8900.13257030097,2.60247534721903,8902.73504564819
8900.59405674122,2.83577447663993,8905.57082012483
8985.77874826746,5.35147287015268,8991.13022113761
8988.70829795034,7.97047922730842,8999.10070036492
8995.95666520734,12.4286777966469,9011.52937816157
8996.1140371068,5.39361231744685,9016.92299047901
9009.03977282775,1.62339981979824,9018.54639029881
9039.30122785532,1.07789914123714,9040.37912699655
9050.89601188186,7.2658969282026,9058.16190881006
9071.59113311344,8.00776111025759,9079.5988942237
9077.1720863305,1.61129148444161,9081.21018570814
9079.61647994301,2.76663661422208,9083.97682232236
9084.97442910398,5.32351089239516,9090.29793999638
9085.49295156679,2.7523462343961,9093.05028623077
9087.36729220903,3.44298794446513,9096.49327417524
9088.43423096879,14.4962449161042,9110.98951909134
9091.01170452599,1.34645552830564,9112.33597461965
9104.28234866135,13.0499324252536,9125.3859070449
9106.17982858566,4.86029585514614,9130.24620290005
9110.09105427431,7.72980648156651,9137.97600938161
9126.6345252671,27.33416964898,9165.31017903059
9146.12846540359,1.39667061949149,9166.70684965009
9153.58264253405,11.4487325729509,9178.15558222304
9163.35908414705,1.08769075712189,9179.24327298016
9169.69846080898,0.528979606324548,9179.77225258648
9183.84219559113,8.9903665880526,9192.83256217919
9209.02763765383,9.95975186232211,9218.98738951615
9223.5998613573,0.254491108469665,9223.85435246577
9225.15665398439,5.29723401245126,9230.45388799684
9226.06273572886,6.27950140152522,9236.73338939836
9227.20460672223,6.44666168242253,9243.18005108079
9229.40872629252,4.2067766324617,9247.38682771325
9234.29939577901,8.61367583431699,9256.00050354756
9246.45380981301,11.5219890581151,9267.52249260568
9258.85012497186,4.5822349791415,9272.10472758482
9260.21280904293,0.107099954970181,9272.21182753979
9261.17723196114,0.0589631488546729,9272.27079068865
9280.1562942493,7.29048429679522,9287.44677854609
9285.07032144565,7.54352105658897,9294.99029960268
9291.4589931465,29.7825359200179,9324.7728355227
9316.52533145712,10.6524606061806,9335.42529612888
9321.64183813703,8.86151317943284,9344.28680930831
9345.91369536048,15.1169168480137,9361.03061220849
9353.47995778777,1.60007444256917,9362.63068665106
9355.50868326229,0.23043836376743,9362.86112501483
9363.5674719265,23.5456902000466,9387.11316212655
9383.23332996343,3.79993761563674,9390.91309974219
9400.58724424953,25.5772886921426,9426.16453294168
9405.05692653975,0.861102927876091,9427.02563586955
9406.61676710623,5.82331438022496,9432.84895024978
9436.51502897202,6.73778593529461,9443.25281490732
9439.1133303026,19.8295444261184,9463.08235933343
9440.83357047675,0.527232476900913,9463.60959181033
9445.04835065374,17.9482596824437,9481.55785149278
9450.77058993528,16.219630457648,9497.77748195043
9459.40118054134,13.0350668219556,9510.81254877238
9460.79462459141,2.60082538845018,9513.41337416083
9463.74311772471,5.36264273867407,9518.77601689951
9466.85677360634,25.2729305703391,9544.04894746985
9473.36007512997,18.0551519142955,9562.10409938414
9483.73593051767,0.920181174039639,9563.02428055818
9486.09917817108,12.6568837122698,9575.68116427045
9496.64848164084,0.898793874077525,9576.57995814453
9500.16919615107,11.7260303472807,9588.30598849181
9516.4637786304,7.33386814557167,9595.63985663738
9520.17135956933,0.838672454934567,9596.47852909232
9521.50363332325,3.0147179979831,9599.4932470903
9528.56470461626,1.41035533635387,9600.90360242666
9529.77795381256,3.83170065656304,9604.73530308322
9550.78849474369,4.56639504013583,9609.30169812335
9553.62078254046,3.09468099833792,9612.39637912169
9562.47382142474,1.62880298355892,9614.02518210525
9563.70618780036,13.6476623838474,9627.6728444891
9574.28115111283,12.1076724442848,9639.78051693338
9578.6501754008,5.69881668843725,9645.47933362182
9584.01698371654,1.82712643733248,9647.30646005915
9617.45415694947,7.25441509362706,9654.56087515278
9621.44186168379,18.1035221489638,9672.66439730174
9643.04534347072,1.94725644635037,9674.61165374809
9644.79415734108,0.139732608309999,9674.7513863564
9646.6931933031,10.1733281142574,9684.92471447066
9670.03680821909,5.60363086800811,9690.52834533867
9674.8455134959,8.10515482228645,9698.63350016096
9683.95683636477,4.41979097295552,9703.05329113391
9686.43872279728,3.18932952126488,9706.24262065518
9693.73836223979,7.768816749948,9714.01143740512
9693.98946647078,13.4883054451724,9727.4997428503
9695.5521846937,12.576045134448,9740.07578798474
9700.34838562384,1.7072220435366,9741.78301002828
9702.86473991368,2.13525547785684,9743.91826550614
9743.25425229775,5.28601129230508,9749.20427679844
9748.63079610554,5.04851978801587,9754.25279658646
9772.76258480012,4.46273741312325,9777.22532221324
9775.30221562575,6.05035207638146,9783.27567428962
9787.01439061834,14.1241205049385,9801.13851112328
9806.84508662287,11.8300709513654,9818.67515757424
9814.41257373594,0.564454154207736,9819.23961172844
9815.72274187673,6.52520931575843,9825.7648210442
9819.72822619986,4.65699602104723,9830.42181706525
9823.79511642654,25.5928279537906,9856.01464501904
9839.59002605436,12.8135628135582,9868.8282078326
9847.55090841742,3.12371067283675,9871.95191850544
9853.94531055538,3.17876724107191,9875.13068574651
9862.79273535268,1.82252639671788,9876.95321214323
9867.97630725571,13.737023366027,9890.69023550925
9906.94163951955,7.87011431128183,9914.81175383083
9914.32434123124,2.0067132008262,9916.81846703166
9930.25027440892,0.443727755919099,9930.69400216484
9940.60603695911,2.38839034596458,9942.99442730507
9948.51096481832,2.80061888881028,9951.31158370713
9954.27303681897,8.12967024434754,9962.40270706332
9960.08449210135,15.3518025872133,9977.75450965053
9960.54961926236,0.584068155214919,9978.33857780575
9978.40176948194,7.93451189406612,9986.33628137601
9988.40589207403,15.9574099363826,10004.3633020104
9994.57262143299,1.38509507384151,10005.7483970843
